transaction_id,user_id,amount,timestamp,merchant_category,country_code,txn_count_1h,amount_sum_24h,amount_mean_7d,amount_std_7d,is_weekend,is_night,is_fraud,amount_log,amount_zscore,velocity_x_amount
txn_0000000,102,1342.06,2024-01-01 00:00:00,crypto,RU,2,486.7,65.68,22.34,0,0,0,7.2027,2.4177,14.4054
txn_0000001,179,76.73,2024-01-01 00:30:00,retail,CN,8,600.86,86.52,25.56,0,1,0,4.3532,-0.2516,34.8256
txn_0000002,92,654.06,2024-01-01 01:00:00,retail,NG,5,224.95,114.21,36.82,0,0,0,6.4847,0.9663,32.4235
txn_0000003,14,27.27,2024-01-01 01:30:00,crypto,US,2,478.28,61.0,19.97,0,0,0,3.3418,-0.356,6.6836
txn_0000004,106,62.17,2024-01-01 02:00:00,transfer,UK,4,290.3,86.62,26.67,0,0,0,4.1458,-0.2824,16.5832
txn_0000005,71,22.44,2024-01-01 02:30:00,crypto,UK,9,121.61,134.76,19.38,0,0,0,3.1544,-0.3662,28.3896
txn_0000006,188,19.69,2024-01-01 03:00:00,transfer,US,4,378.23,36.07,8.9,0,0,0,3.0297,-0.372,12.1188
txn_0000007,20,36.78,2024-01-01 03:30:00,retail,US,13,1070.14,29.71,20.61,0,0,0,3.6318,-0.3359,47.2134
txn_0000008,102,35.84,2024-01-01 04:00:00,transfer,RU,12,128.4,46.13,36.57,0,1,0,3.6066,-0.3379,43.2792
txn_0000009,121,22.07,2024-01-01 04:30:00,atm,US,12,128.47,66.65,48.77,0,0,0,3.1385,-0.367,37.662
txn_0000010,74,23.95,2024-01-01 05:00:00,retail,RU,12,111.82,28.27,30.87,0,0,0,3.2169,-0.363,38.6028
txn_0000011,87,282.93,2024-01-01 05:30:00,atm,US,13,39.5,36.83,58.41,0,1,0,5.6487,0.1834,73.4331
txn_0000012,116,1299.41,2024-01-01 06:00:00,crypto,US,14,226.73,81.26,28.08,0,0,0,7.1704,2.3277,100.3856
txn_0000013,99,25.85,2024-01-01 06:30:00,crypto,US,4,950.42,63.93,40.09,0,0,0,3.2903,-0.359,13.1612
txn_0000014,103,33.56,2024-01-01 07:00:00,crypto,US,2,497.05,45.36,42.52,0,0,0,3.5427,-0.3427,7.0854
txn_0000015,151,119.93,2024-01-01 07:30:00,transfer,CN,13,329.28,9.57,16.8,0,0,0,4.7952,-0.1605,62.3376
txn_0000016,130,6506.45,2024-01-01 08:00:00,retail,US,12,471.01,54.41,35.9,0,0,0,8.7807,13.3126,105.3684
txn_0000017,149,61.94,2024-01-01 08:30:00,crypto,RU,6,224.35,20.7,9.46,0,0,0,4.1422,-0.2828,24.8532
txn_0000018,52,234.85,2024-01-01 09:00:00,crypto,UK,13,38.96,145.92,26.57,0,0,0,5.4632,0.0819,71.0216
txn_0000019,1,553.75,2024-01-01 09:30:00,retail,RU,11,1033.25,40.1,31.87,0,0,0,6.3185,0.7547,69.5035
txn_0000020,87,91.48,2024-01-01 10:00:00,crypto,US,14,1458.77,20.16,46.57,0,1,0,4.527,-0.2205,63.378
txn_0000021,157,219.06,2024-01-01 10:30:00,atm,RU,2,168.38,51.34,38.73,0,0,0,5.3939,0.0486,10.7878
txn_0000022,37,135.88,2024-01-01 11:00:00,retail,NG,12,336.63,194.55,47.05,0,0,0,4.9191,-0.1269,59.0292
txn_0000023,129,256.92,2024-01-01 11:30:00,retail,US,7,303.57,102.6,18.55,0,1,0,5.5526,0.1285,38.8682
txn_0000024,191,11.57,2024-01-01 12:00:00,retail,US,3,614.95,68.03,15.24,0,0,0,2.5313,-0.3891,7.5939
txn_0000025,187,74.17,2024-01-01 12:30:00,atm,RU,3,3065.21,14.5,16.12,0,0,0,4.3198,-0.257,12.9594
txn_0000026,20,112.37,2024-01-01 13:00:00,retail,CN,5,1622.54,276.33,24.85,0,1,0,4.7307,-0.1765,23.6535
txn_0000027,160,110.01,2024-01-01 13:30:00,atm,US,3,256.65,29.32,4.73,0,0,0,4.7096,-0.1814,14.1288
txn_0000028,57,300.52,2024-01-01 14:00:00,retail,NG,2,773.52,138.9,58.29,0,0,0,5.7088,0.2205,11.4176
txn_0000029,21,106.73,2024-01-01 14:30:00,transfer,CN,10,1817.52,39.43,20.8,0,1,0,4.6796,-0.1884,46.796
txn_0000030,88,9.8,2024-01-01 15:00:00,crypto,RU,9,658.53,126.15,14.41,0,0,0,2.3795,-0.3928,21.4155
txn_0000031,48,132.55,2024-01-01 15:30:00,transfer,CN,2,401.16,201.72,2.65,0,0,0,4.8945,-0.1339,9.789
txn_0000032,58,14.52,2024-01-01 16:00:00,crypto,NG,14,688.97,104.39,19.5,0,0,0,2.7421,-0.3829,38.3894
txn_0000033,169,19.12,2024-01-01 16:30:00,atm,US,11,173.48,116.26,17.14,0,0,0,3.0017,-0.3732,33.0187
txn_0000034,187,29.14,2024-01-01 17:00:00,transfer,US,2,206.7,49.48,9.8,0,0,0,3.4059,-0.352,6.8118
txn_0000035,14,46.2,2024-01-01 17:30:00,retail,US,13,112.52,35.38,11.72,0,1,0,3.8544,-0.3161,50.1072
txn_0000036,189,5.39,2024-01-01 18:00:00,crypto,NG,8,583.17,62.7,19.66,0,0,0,1.8547,-0.4021,14.8376
txn_0000037,189,291.59,2024-01-01 18:30:00,crypto,NG,9,344.58,38.86,12.55,0,1,0,5.6788,0.2016,51.1092
txn_0000038,174,9.65,2024-01-01 19:00:00,transfer,US,7,150.24,643.68,31.74,0,0,0,2.3656,-0.3932,16.5592
txn_0000039,189,575.46,2024-01-01 19:30:00,atm,RU,3,331.29,20.24,11.03,0,1,0,6.3569,0.8005,19.0707
txn_0000040,50,10.1,2024-01-01 20:00:00,transfer,NG,9,709.1,148.72,22.73,0,0,0,2.4069,-0.3922,21.6621
txn_0000041,107,373.49,2024-01-01 20:30:00,atm,UK,3,4014.45,91.58,51.63,0,0,0,5.9256,0.3744,17.7768
txn_0000042,54,52.32,2024-01-01 21:00:00,atm,US,5,1358.97,68.71,19.51,0,0,0,3.9763,-0.3031,19.8815
txn_0000043,63,4.16,2024-01-01 21:30:00,crypto,UK,9,26.02,239.82,26.7,0,0,0,1.6409,-0.4047,14.7681
txn_0000044,130,11.42,2024-01-01 22:00:00,transfer,US,12,537.63,73.58,25.38,0,0,0,2.5193,-0.3894,30.2316
txn_0000045,50,399.3,2024-01-01 22:30:00,transfer,US,14,2242.15,28.94,20.21,0,1,0,5.9922,0.4289,83.8908
txn_0000046,134,107.02,2024-01-01 23:00:00,atm,US,14,81.01,73.09,19.04,0,1,0,4.6823,-0.1877,65.5522
txn_0000047,20,48.52,2024-01-01 23:30:00,transfer,US,3,782.01,45.46,12.72,0,0,0,3.9024,-0.3112,11.7072
txn_0000048,72,1.96,2024-01-02 00:00:00,retail,US,7,303.7,90.31,22.66,0,0,0,1.0852,-0.4094,7.5964
txn_0000049,166,438.93,2024-01-02 00:30:00,retail,UK,12,1604.15,123.11,16.01,0,0,0,6.0866,0.5125,73.0392
txn_0000050,17,902.92,2024-01-02 01:00:00,transfer,US,1,655.31,23.12,69.19,0,0,0,6.8067,1.4913,6.8067
txn_0000051,131,686.79,2024-01-02 01:30:00,transfer,NG,4,139.66,180.43,38.43,0,0,0,6.5335,1.0353,26.134
txn_0000052,88,21.7,2024-01-02 02:00:00,atm,US,4,317.02,42.31,6.28,0,1,0,3.1224,-0.3677,12.4896
txn_0000053,59,96.95,2024-01-02 02:30:00,retail,CN,7,340.35,85.08,6.57,0,1,0,4.5845,-0.209,32.0915
txn_0000054,13,114.23,2024-01-02 03:00:00,retail,CN,8,347.99,101.19,18.09,0,0,0,4.7469,-0.1725,37.9752
txn_0000055,8,5.52,2024-01-02 03:30:00,crypto,US,1,1545.52,78.84,14.64,0,0,0,1.8749,-0.4019,1.8749
txn_0000056,89,71.57,2024-01-02 04:00:00,atm,US,5,146.77,48.95,17.35,0,0,0,4.2846,-0.2625,21.423
txn_0000057,52,272.21,2024-01-02 04:30:00,crypto,US,7,1344.34,33.5,33.82,0,0,0,5.6102,0.1607,39.2714
txn_0000058,129,171.87,2024-01-02 05:00:00,retail,UK,12,280.7,41.72,25.86,0,0,0,5.1525,-0.0509,61.83
txn_0000059,83,10.31,2024-01-02 05:30:00,atm,UK,4,527.53,261.17,25.65,0,0,0,2.4257,-0.3918,9.7028
txn_0000060,91,14.97,2024-01-02 06:00:00,transfer,US,13,440.03,22.97,63.88,0,1,0,2.7707,-0.3819,36.0191
txn_0000061,110,178.73,2024-01-02 06:30:00,atm,UK,4,393.01,26.6,6.61,0,0,0,5.1915,-0.0365,20.766
txn_0000062,187,141.07,2024-01-02 07:00:00,transfer,US,4,396.9,25.45,21.83,0,0,0,4.9563,-0.1159,19.8252
txn_0000063,198,1.86,2024-01-02 07:30:00,transfer,US,12,2318.86,62.54,12.64,0,1,0,1.0508,-0.4096,12.6096
txn_0000064,171,1.37,2024-01-02 08:00:00,atm,NG,6,1108.7,11.89,63.33,0,1,0,0.8629,-0.4106,5.1774
txn_0000065,7,48.68,2024-01-02 08:30:00,transfer,US,7,261.06,14.1,3.43,0,0,0,3.9056,-0.3108,27.3392
txn_0000066,174,22.55,2024-01-02 09:00:00,crypto,UK,2,2695.52,42.06,3.55,0,0,0,3.1591,-0.3659,6.3182
txn_0000067,34,34.9,2024-01-02 09:30:00,retail,US,5,560.94,15.06,25.63,0,0,0,3.5807,-0.3399,17.9035
txn_0000068,80,29.46,2024-01-02 10:00:00,transfer,CN,4,619.65,16.34,49.45,0,1,0,3.4164,-0.3514,13.6656
txn_0000069,163,238.9,2024-01-02 10:30:00,crypto,US,14,147.71,15.18,37.29,0,0,0,5.4802,0.0905,76.7228
txn_0000070,49,63.77,2024-01-02 11:00:00,transfer,US,13,222.07,23.42,10.58,0,0,0,4.1708,-0.279,54.2204
txn_0000071,103,81.57,2024-01-02 11:30:00,retail,NG,3,176.58,113.44,67.03,0,0,0,4.4136,-0.2414,13.2408
txn_0000072,131,7.29,2024-01-02 12:00:00,crypto,US,7,447.33,141.98,7.5,0,1,0,2.115,-0.3981,14.805
txn_0000073,1,0.35,2024-01-02 12:30:00,retail,CN,11,868.3,372.04,57.17,0,0,0,0.3001,-0.4128,3.3011
txn_0000074,133,294.51,2024-01-02 13:00:00,retail,NG,12,626.83,358.66,8.34,0,0,0,5.6887,0.2078,68.2644
txn_0000075,53,1359.41,2024-01-02 13:30:00,crypto,NG,6,2712.57,119.86,15.16,0,0,0,7.2155,2.4543,43.293
txn_0000076,105,32.66,2024-01-02 14:00:00,crypto,NG,14,139.03,152.58,33.5,0,0,0,3.5163,-0.3446,49.2282
txn_0000077,3,79.36,2024-01-02 14:30:00,crypto,CN,7,463.05,62.25,6.22,0,0,0,4.3865,-0.2461,30.7055
txn_0000078,53,88.83,2024-01-02 15:00:00,atm,CN,5,86.53,91.82,65.05,0,1,0,4.4979,-0.2261,22.4895
txn_0000079,190,673.8,2024-01-02 15:30:00,crypto,NG,13,133.45,381.31,15.08,0,1,0,6.5144,1.0079,84.6872
txn_0000080,145,207.16,2024-01-02 16:00:00,crypto,NG,6,1839.95,79.14,22.42,0,0,0,5.3383,0.0235,32.0298
txn_0000081,43,114.9,2024-01-02 16:30:00,crypto,US,5,231.41,172.99,50.89,0,0,0,4.7527,-0.1711,23.7635
txn_0000082,161,59.34,2024-01-02 17:00:00,crypto,US,14,153.85,21.45,10.65,0,0,0,4.1,-0.2883,57.4
txn_0000083,189,59.76,2024-01-02 17:30:00,transfer,UK,7,31.31,28.04,46.93,0,0,0,4.1069,-0.2874,28.7483
txn_0000084,13,6.3,2024-01-02 18:00:00,atm,US,2,152.01,74.59,74.62,0,0,0,1.9879,-0.4002,3.9758
txn_0000085,94,30.72,2024-01-02 18:30:00,retail,US,14,315.34,63.43,11.89,0,1,0,3.4569,-0.3487,48.3966
txn_0000086,47,206.29,2024-01-02 19:00:00,crypto,US,11,79.13,29.37,60.07,0,0,0,5.3341,0.0217,58.6751
txn_0000087,14,38.45,2024-01-02 19:30:00,transfer,US,5,294.32,606.3,4.91,0,0,0,3.675,-0.3324,18.375
txn_0000088,199,58.35,2024-01-02 20:00:00,transfer,NG,6,1853.36,64.88,27.43,0,0,0,4.0835,-0.2904,24.501
txn_0000089,189,9.35,2024-01-02 20:30:00,transfer,CN,6,172.64,35.07,7.52,0,1,0,2.337,-0.3938,14.022
txn_0000090,39,106.51,2024-01-02 21:00:00,retail,US,5,130.05,63.54,42.69,0,0,0,4.6776,-0.1888,23.388
txn_0000091,81,6.09,2024-01-02 21:30:00,crypto,UK,10,104.72,56.0,39.98,0,1,0,1.9587,-0.4007,19.587
txn_0000092,110,84.34,2024-01-02 22:00:00,atm,RU,7,102.5,65.88,105.84,0,1,0,4.4466,-0.2356,31.1262
txn_0000093,52,41.23,2024-01-02 22:30:00,atm,US,10,767.16,11.09,62.62,0,0,0,3.7431,-0.3265,37.431
txn_0000094,23,4.0,2024-01-02 23:00:00,transfer,RU,8,427.69,198.73,17.59,0,0,0,1.6094,-0.4051,12.8752
txn_0000095,153,271.57,2024-01-02 23:30:00,retail,US,7,1271.85,210.36,8.45,0,0,0,5.6079,0.1594,39.2553
txn_0000096,187,42.7,2024-01-03 00:00:00,retail,US,5,4554.2,237.54,31.58,0,0,0,3.7773,-0.3234,18.8865
txn_0000097,123,889.95,2024-01-03 00:30:00,retail,CN,1,44.86,75.6,19.13,0,0,0,6.7923,1.4639,6.7923
txn_0000098,40,501.39,2024-01-03 01:00:00,atm,US,13,636.57,105.9,69.47,0,0,0,6.2194,0.6442,80.8522
txn_0000099,156,14.6,2024-01-03 01:30:00,transfer,NG,5,105.39,22.96,3.55,0,0,0,2.7473,-0.3827,13.7365
txn_0000100,14,16.65,2024-01-03 02:00:00,crypto,RU,10,1039.69,125.57,115.64,0,0,0,2.8707,-0.3784,28.707
txn_0000101,44,9.41,2024-01-03 02:30:00,atm,US,2,291.11,70.23,30.74,0,0,0,2.3428,-0.3937,4.6856
txn_0000102,64,5.05,2024-01-03 03:00:00,transfer,NG,13,416.88,34.45,10.48,0,1,0,1.8001,-0.4029,23.4013
txn_0000103,88,28.98,2024-01-03 03:30:00,transfer,CN,5,86.5,129.64,36.13,0,0,0,3.4005,-0.3524,17.0025
txn_0000104,70,476.1,2024-01-03 04:00:00,crypto,US,5,241.84,134.75,56.71,0,0,0,6.1677,0.5909,30.8385
txn_0000105,8,3.09,2024-01-03 04:30:00,crypto,RU,2,449.26,58.01,22.01,0,0,0,1.4085,-0.407,2.817
txn_0000106,87,195.96,2024-01-03 05:00:00,crypto,UK,5,2053.49,84.64,4.89,0,0,0,5.283,-0.0001,26.415
txn_0000107,128,172.86,2024-01-03 05:30:00,retail,UK,13,155.48,19.46,15.88,0,0,0,5.1583,-0.0488,67.0579
txn_0000108,135,125.47,2024-01-03 06:00:00,crypto,UK,4,208.34,189.27,46.13,0,0,0,4.84,-0.1488,19.36
txn_0000109,62,163.98,2024-01-03 06:30:00,transfer,US,1,1252.81,22.22,29.88,0,0,0,5.1058,-0.0676,5.1058
txn_0000110,138,10.42,2024-01-03 07:00:00,crypto,CN,3,143.85,26.97,17.72,0,0,0,2.4354,-0.3915,7.3062
txn_0000111,80,171.12,2024-01-03 07:30:00,transfer,CN,1,1589.0,58.11,57.21,0,0,0,5.1482,-0.0525,5.1482
txn_0000112,135,23.95,2024-01-03 08:00:00,atm,UK,12,399.05,166.42,36.29,0,0,0,3.2169,-0.363,38.6028
txn_0000113,162,1.37,2024-01-03 08:30:00,retail,NG,11,580.42,166.33,38.59,0,0,0,0.8629,-0.4106,9.4919
txn_0000114,162,59.51,2024-01-03 09:00:00,atm,UK,5,627.05,54.34,14.46,0,0,0,4.1028,-0.288,20.514
txn_0000115,32,15.39,2024-01-03 09:30:00,atm,US,4,192.58,118.28,13.38,0,0,0,2.7967,-0.3811,11.1868
txn_0000116,122,419.15,2024-01-03 10:00:00,transfer,NG,7,644.11,10.08,5.16,0,0,0,6.0406,0.4707,42.2842
txn_0000117,4,35.53,2024-01-03 10:30:00,atm,UK,5,159.68,26.59,16.32,0,0,0,3.5981,-0.3386,17.9905
txn_0000118,40,58.46,2024-01-03 11:00:00,transfer,UK,10,220.85,27.14,42.45,0,0,0,4.0853,-0.2902,40.853
txn_0000119,27,97.88,2024-01-03 11:30:00,crypto,NG,14,788.73,190.99,17.06,0,0,0,4.5939,-0.207,64.3146
txn_0000120,134,36.56,2024-01-03 12:00:00,crypto,US,4,573.68,105.07,28.69,0,0,0,3.6259,-0.3364,14.5036
txn_0000121,71,46.72,2024-01-03 12:30:00,transfer,US,2,368.72,65.67,48.86,0,1,0,3.8654,-0.315,7.7308
txn_0000122,11,193.52,2024-01-03 13:00:00,crypto,US,4,89.08,72.37,27.07,0,1,0,5.2705,-0.0053,21.082
txn_0000123,161,11.03,2024-01-03 13:30:00,retail,US,12,120.18,262.0,29.27,0,0,0,2.4874,-0.3902,29.8488
txn_0000124,32,19.05,2024-01-03 14:00:00,atm,NG,2,562.31,46.05,6.78,0,0,0,2.9982,-0.3733,5.9964
txn_0000125,47,12.8,2024-01-03 14:30:00,retail,UK,8,971.24,14.67,15.52,0,0,0,2.6247,-0.3865,20.9976
txn_0000126,150,471.13,2024-01-03 15:00:00,atm,NG,3,106.53,161.94,79.94,0,0,0,6.1573,0.5804,18.4719
txn_0000127,61,19.06,2024-01-03 15:30:00,crypto,US,9,147.26,65.49,21.82,0,0,0,2.9987,-0.3733,26.9883
txn_0000128,36,44.04,2024-01-03 16:00:00,retail,UK,13,473.91,141.69,91.6,0,0,0,3.8076,-0.3206,49.4988
txn_0000129,98,22.18,2024-01-03 16:30:00,crypto,US,4,461.9,52.21,11.26,0,0,0,3.1433,-0.3667,12.5732
txn_0000130,171,34.39,2024-01-03 17:00:00,atm,US,13,57.47,23.6,24.22,0,1,0,3.5664,-0.341,46.3632
txn_0000131,103,18.06,2024-01-03 17:30:00,transfer,NG,6,489.74,81.68,14.79,0,0,0,2.9476,-0.3754,17.6856
txn_0000132,34,109.3,2024-01-03 18:00:00,transfer,RU,10,196.75,55.16,32.25,0,0,0,4.7032,-0.1829,47.032
txn_0000133,192,11.46,2024-01-03 18:30:00,retail,US,5,2890.71,65.69,41.1,0,0,0,2.5225,-0.3893,12.6125
txn_0000134,100,7.18,2024-01-03 19:00:00,crypto,US,10,544.05,274.94,32.52,0,0,0,2.1017,-0.3984,21.017
txn_0000135,174,23.63,2024-01-03 19:30:00,crypto,US,13,668.99,18.2,46.22,0,0,0,3.204,-0.3637,41.652
txn_0000136,130,16.49,2024-01-03 20:00:00,retail,US,1,690.1,72.67,19.87,0,0,0,2.8616,-0.3787,2.8616
txn_0000137,0,7.34,2024-01-03 20:30:00,transfer,NG,9,94.0,24.07,17.25,0,1,0,2.1211,-0.398,19.0899
txn_0000138,4,33.61,2024-01-03 21:00:00,atm,US,1,4157.43,4.09,4.92,0,0,0,3.5441,-0.3426,3.5441
txn_0000139,141,4.53,2024-01-03 21:30:00,retail,UK,8,57.54,51.99,33.47,0,0,0,1.7102,-0.404,13.6816
txn_0000140,102,728.96,2024-01-03 22:00:00,atm,US,9,1048.21,56.32,23.05,0,1,0,6.593,1.1243,59.337
txn_0000141,26,5.82,2024-01-03 22:30:00,transfer,US,9,847.59,101.85,19.02,0,0,0,1.9199,-0.4012,17.2791
txn_0000142,136,20.71,2024-01-03 23:00:00,crypto,US,1,227.6,43.92,17.24,0,1,0,3.0778,-0.3698,3.0778
txn_0000143,14,29.8,2024-01-03 23:30:00,transfer,US,2,897.61,12.32,19.5,0,0,0,3.4275,-0.3507,6.855
txn_0000144,89,683.36,2024-01-04 00:00:00,retail,US,12,275.59,23.99,16.63,0,0,0,6.5285,1.0281,78.342
txn_0000145,41,4.07,2024-01-04 00:30:00,crypto,US,13,179.37,203.76,13.17,0,0,0,1.6233,-0.4049,21.1029
txn_0000146,123,67.56,2024-01-04 01:00:00,retail,RU,1,708.73,23.65,24.33,0,0,0,4.2277,-0.271,4.2277
txn_0000147,178,258.72,2024-01-04 01:30:00,retail,US,10,120.56,265.93,29.59,0,0,0,5.5596,0.1323,55.596
txn_0000148,62,34.31,2024-01-04 02:00:00,transfer,CN,2,308.24,156.02,10.84,0,0,0,3.5642,-0.3411,7.1284
txn_0000149,95,9.44,2024-01-04 02:30:00,retail,US,10,197.75,39.73,14.58,0,1,0,2.3456,-0.3936,23.456
txn_0000150,51,46.43,2024-01-04 03:00:00,transfer,RU,12,269.57,26.34,17.05,0,1,0,3.8593,-0.3156,46.3116
txn_0000151,95,539.5,2024-01-04 03:30:00,crypto,UK,8,678.09,155.7,20.16,0,0,0,6.2925,0.7246,50.34
txn_0000152,131,21.68,2024-01-04 04:00:00,transfer,NG,5,197.7,42.91,18.13,0,0,0,3.1215,-0.3678,15.6075
txn_0000153,150,470.73,2024-01-04 04:30:00,crypto,NG,12,320.29,11.64,34.05,0,0,0,6.1564,0.5795,73.8768
txn_0000154,142,80.48,2024-01-04 05:00:00,transfer,UK,11,220.57,95.81,5.36,0,0,0,4.4004,-0.2437,48.4044
txn_0000155,170,346.81,2024-01-04 05:30:00,atm,UK,7,2281.97,82.87,6.17,0,0,0,5.8517,0.3181,40.9619
txn_0000156,28,75.79,2024-01-04 06:00:00,atm,UK,2,608.58,170.32,23.45,0,0,0,4.3411,-0.2536,8.6822
txn_0000157,35,26.4,2024-01-04 06:30:00,retail,UK,8,525.36,77.45,12.4,0,0,0,3.3105,-0.3578,26.484
txn_0000158,12,637.97,2024-01-04 07:00:00,transfer,US,11,916.08,31.53,40.75,0,0,0,6.4599,0.9324,71.0589
txn_0000159,159,76.54,2024-01-04 07:30:00,transfer,US,6,197.76,194.35,51.21,0,1,0,4.3508,-0.252,26.1048
txn_0000160,70,70.08,2024-01-04 08:00:00,crypto,UK,8,1131.28,214.22,24.22,0,0,0,4.2638,-0.2657,34.1104
txn_0000161,186,183.34,2024-01-04 08:30:00,retail,UK,1,611.19,68.94,8.52,0,0,0,5.2168,-0.0267,5.2168
txn_0000162,85,218.38,2024-01-04 09:00:00,transfer,NG,1,61.99,57.99,46.7,0,0,0,5.3908,0.0472,5.3908
txn_0000163,27,184.8,2024-01-04 09:30:00,retail,NG,12,72.7,14.54,23.55,0,0,0,5.2247,-0.0237,62.6964
txn_0000164,65,7.2,2024-01-04 10:00:00,atm,CN,7,203.01,29.74,6.11,0,0,0,2.1041,-0.3983,14.7287
txn_0000165,169,20.99,2024-01-04 10:30:00,transfer,US,8,82.66,116.84,6.56,0,0,0,3.0906,-0.3692,24.7248
txn_0000166,44,20.39,2024-01-04 11:00:00,transfer,US,13,303.1,31.27,67.6,0,1,0,3.0629,-0.3705,39.8177
txn_0000167,61,16.97,2024-01-04 11:30:00,retail,US,3,119.52,12.72,59.2,0,0,0,2.8887,-0.3777,8.6661
txn_0000168,184,14.76,2024-01-04 12:00:00,transfer,US,5,358.79,1800.6,2.68,0,0,0,2.7575,-0.3824,13.7875
txn_0000169,133,19.95,2024-01-04 12:30:00,retail,RU,12,2195.25,12.64,6.78,0,1,0,3.0421,-0.3714,36.5052
txn_0000170,27,90.37,2024-01-04 13:00:00,transfer,US,1,380.22,521.52,50.03,0,1,0,4.5149,-0.2229,4.5149
txn_0000171,27,114.62,2024-01-04 13:30:00,crypto,NG,7,280.46,40.15,19.79,0,0,0,4.7503,-0.1717,33.2521
txn_0000172,107,54.46,2024-01-04 14:00:00,retail,US,5,642.84,50.17,35.22,0,0,0,4.0157,-0.2986,20.0785
txn_0000173,43,28.82,2024-01-04 14:30:00,transfer,UK,8,174.91,27.87,19.11,0,0,0,3.3952,-0.3527,27.1616
txn_0000174,83,369.89,2024-01-04 15:00:00,atm,UK,13,1109.98,119.44,33.91,0,0,0,5.9159,0.3668,76.9067
txn_0000175,29,47.59,2024-01-04 15:30:00,transfer,US,8,730.88,12.94,20.18,0,0,0,3.8834,-0.3131,31.0672
txn_0000176,189,222.65,2024-01-04 16:00:00,atm,UK,9,422.69,8.67,14.15,0,0,0,5.4101,0.0562,48.6909
txn_0000177,74,23.24,2024-01-04 16:30:00,atm,US,7,485.5,273.19,46.85,0,0,0,3.188,-0.3645,22.316
txn_0000178,127,101.55,2024-01-04 17:00:00,crypto,US,11,4675.52,24.44,23.61,0,0,0,4.6304,-0.1993,50.9344
txn_0000179,91,408.76,2024-01-04 17:30:00,retail,US,1,1249.84,115.13,33.85,0,0,0,6.0156,0.4488,6.0156
txn_0000180,189,1.09,2024-01-04 18:00:00,transfer,US,13,5650.12,18.44,22.78,0,0,0,0.7372,-0.4112,9.5836
txn_0000181,128,20.44,2024-01-04 18:30:00,crypto,US,3,763.9,110.88,13.61,0,0,0,3.0653,-0.3704,9.1959
txn_0000182,120,133.04,2024-01-04 19:00:00,transfer,UK,8,68.99,293.99,72.73,0,0,0,4.8981,-0.1329,39.1848
txn_0000183,26,336.71,2024-01-04 19:30:00,atm,UK,3,294.53,32.23,26.68,0,0,0,5.8222,0.2968,17.4666
txn_0000184,189,74.04,2024-01-04 20:00:00,retail,NG,8,52.44,7.9,15.12,0,0,0,4.318,-0.2573,34.544
txn_0000185,120,58.81,2024-01-04 20:30:00,transfer,US,1,760.49,295.54,55.85,0,0,0,4.0912,-0.2895,4.0912
txn_0000186,115,611.47,2024-01-04 21:00:00,transfer,NG,5,986.82,137.86,6.98,0,0,0,6.4175,0.8765,32.0875
txn_0000187,2,369.07,2024-01-04 21:30:00,atm,US,4,139.34,34.0,120.18,0,0,0,5.9137,0.3651,23.6548
txn_0000188,102,14.84,2024-01-04 22:00:00,transfer,US,5,183.69,43.91,17.4,0,0,0,2.7625,-0.3822,13.8125
txn_0000189,197,65.01,2024-01-04 22:30:00,transfer,RU,8,482.27,17.98,7.28,0,1,0,4.1898,-0.2764,33.5184
txn_0000190,199,93.71,2024-01-04 23:00:00,atm,US,10,95.8,225.94,92.27,0,1,0,4.5508,-0.2158,45.508
txn_0000191,154,719.03,2024-01-04 23:30:00,crypto,UK,14,87.55,31.99,13.87,0,0,0,6.5793,1.1034,92.1102
txn_0000192,136,200.16,2024-01-05 00:00:00,atm,UK,4,1783.55,13.21,24.4,0,0,0,5.3041,0.0087,21.2164
txn_0000193,61,46.74,2024-01-05 00:30:00,crypto,US,11,462.97,67.6,35.66,0,0,0,3.8658,-0.3149,42.5238
txn_0000194,164,75.95,2024-01-05 01:00:00,retail,US,4,206.49,23.1,51.8,0,0,0,4.3432,-0.2533,17.3728
txn_0000195,50,3.24,2024-01-05 01:30:00,crypto,US,3,52.96,19.49,25.53,0,0,0,1.4446,-0.4067,4.3338
txn_0000196,171,233.44,2024-01-05 02:00:00,crypto,RU,7,1121.95,35.51,11.97,0,1,0,5.4572,0.079,38.2004
txn_0000197,151,143.83,2024-01-05 02:30:00,retail,US,3,177.43,59.52,23.93,0,0,0,4.9756,-0.1101,14.9268
txn_0000198,58,336.38,2024-01-05 03:00:00,crypto,US,12,3762.43,13.72,14.36,0,0,0,5.8212,0.2961,69.8544
txn_0000199,117,43.99,2024-01-05 03:30:00,atm,US,3,1131.36,218.14,24.51,0,1,0,3.8064,-0.3207,11.4192
txn_0000200,159,66.16,2024-01-05 04:00:00,crypto,NG,11,152.97,107.46,73.89,0,1,0,4.2071,-0.2739,46.2781
txn_0000201,95,26.52,2024-01-05 04:30:00,retail,US,10,170.96,37.89,36.77,0,1,0,3.3149,-0.3576,33.149
txn_0000202,179,9.76,2024-01-05 05:00:00,atm,US,5,3185.04,22.12,23.7,0,0,0,2.3758,-0.3929,11.879
txn_0000203,112,22.12,2024-01-05 05:30:00,retail,UK,5,364.63,49.94,36.26,0,0,0,3.1407,-0.3669,15.7035
txn_0000204,61,3.56,2024-01-05 06:00:00,retail,CN,14,217.9,134.21,38.4,0,0,0,1.5173,-0.406,21.2422
txn_0000205,185,215.27,2024-01-05 06:30:00,transfer,US,6,417.07,114.96,8.48,0,0,0,5.3765,0.0406,32.259
txn_0000206,51,2.09,2024-01-05 07:00:00,transfer,US,8,216.7,157.35,20.77,0,0,0,1.1282,-0.4091,9.0256
txn_0000207,11,1150.8,2024-01-05 07:30:00,retail,US,10,538.75,33.77,156.03,0,0,0,7.0491,2.0142,70.491
txn_0000208,38,3.87,2024-01-05 08:00:00,retail,UK,6,368.34,2.93,53.0,0,1,0,1.5831,-0.4054,9.4986
txn_0000209,129,517.93,2024-01-05 08:30:00,retail,US,12,1153.56,190.15,13.43,0,0,0,6.2518,0.6791,75.0216
txn_0000210,130,13.98,2024-01-05 09:00:00,transfer,UK,1,253.08,46.19,12.4,0,0,0,2.7067,-0.384,2.7067
txn_0000211,112,126.67,2024-01-05 09:30:00,transfer,NG,8,139.52,106.29,12.07,0,0,0,4.8494,-0.1463,38.7952
txn_0000212,100,17.66,2024-01-05 10:00:00,crypto,NG,8,265.39,289.81,40.17,0,0,0,2.9264,-0.3763,23.4112
txn_0000213,112,672.24,2024-01-05 10:30:00,crypto,US,9,263.46,622.91,72.68,0,0,0,6.5121,1.0047,58.6089
txn_0000214,183,58.3,2024-01-05 11:00:00,retail,RU,9,367.59,28.51,32.0,0,0,0,4.0826,-0.2905,36.7434
txn_0000215,80,273.29,2024-01-05 11:30:00,atm,UK,2,863.89,62.42,22.78,0,0,0,5.6142,0.163,11.2284
txn_0000216,186,61.2,2024-01-05 12:00:00,atm,UK,2,809.07,214.18,14.08,0,0,0,4.1304,-0.2844,8.2608
txn_0000217,112,92.71,2024-01-05 12:30:00,transfer,US,3,1702.05,23.47,26.14,0,0,0,4.5402,-0.2179,13.6206
txn_0000218,1,137.57,2024-01-05 13:00:00,transfer,CN,1,152.35,30.5,10.42,0,1,0,4.9314,-0.1233,4.9314
txn_0000219,129,24.7,2024-01-05 13:30:00,transfer,US,4,643.21,30.32,4.27,0,0,0,3.2465,-0.3614,12.986
txn_0000220,53,8.0,2024-01-05 14:00:00,retail,US,14,965.63,53.09,74.4,0,0,0,2.1972,-0.3966,30.7608
txn_0000221,86,7.75,2024-01-05 14:30:00,atm,US,4,179.64,43.81,8.98,0,0,0,2.1691,-0.3972,8.6764
txn_0000222,128,58.92,2024-01-05 15:00:00,crypto,UK,14,314.46,30.15,15.49,0,0,0,4.093,-0.2892,57.302
txn_0000223,146,26.23,2024-01-05 15:30:00,retail,US,9,49.4,20.79,33.96,0,0,0,3.3043,-0.3582,29.7387
txn_0000224,125,2.18,2024-01-05 16:00:00,crypto,US,9,1197.78,122.97,63.28,0,0,0,1.1569,-0.4089,10.4121
txn_0000225,129,117.85,2024-01-05 16:30:00,crypto,US,9,311.5,208.06,24.67,0,1,0,4.7779,-0.1649,43.0011
txn_0000226,52,8.78,2024-01-05 17:00:00,retail,US,10,1061.97,240.5,7.73,0,1,0,2.2803,-0.395,22.803
txn_0000227,171,9.58,2024-01-05 17:30:00,crypto,UK,7,516.6,33.75,15.78,0,0,0,2.359,-0.3933,16.513
txn_0000228,159,51.29,2024-01-05 18:00:00,atm,NG,14,323.05,128.22,11.67,0,1,0,3.9568,-0.3053,55.3952
txn_0000229,197,14.15,2024-01-05 18:30:00,crypto,US,2,59.66,69.15,19.48,0,0,0,2.718,-0.3837,5.436
txn_0000230,159,65.61,2024-01-05 19:00:00,atm,US,10,73.85,30.86,53.82,0,0,0,4.1989,-0.2751,41.989
txn_0000231,67,1053.84,2024-01-05 19:30:00,atm,NG,5,17.96,113.77,2.64,0,0,0,6.9611,1.8097,34.8055
txn_0000232,182,30.92,2024-01-05 20:00:00,atm,US,4,205.38,29.47,14.45,0,0,0,3.4632,-0.3483,13.8528
txn_0000233,183,11.14,2024-01-05 20:30:00,transfer,US,12,6209.89,37.48,13.64,0,1,0,2.4965,-0.39,29.958
txn_0000234,122,71.68,2024-01-05 21:00:00,crypto,CN,11,86.01,13.78,7.35,0,0,0,4.2861,-0.2623,47.1471
txn_0000235,144,17.07,2024-01-05 21:30:00,retail,UK,8,17.15,34.32,32.09,0,1,0,2.8943,-0.3775,23.1544
txn_0000236,37,56.58,2024-01-05 22:00:00,retail,US,2,1280.75,70.38,6.48,0,0,0,4.0532,-0.2942,8.1064
txn_0000237,23,87.66,2024-01-05 22:30:00,crypto,UK,6,6880.6,262.15,7.1,0,0,0,4.4848,-0.2286,26.9088
txn_0000238,68,51.79,2024-01-05 23:00:00,transfer,US,13,576.81,38.34,39.68,0,0,0,3.9663,-0.3043,51.5619
txn_0000239,115,59.43,2024-01-05 23:30:00,transfer,UK,5,570.48,19.33,66.72,0,0,0,4.1015,-0.2881,20.5075
txn_0000240,97,72.83,2024-01-06 00:00:00,atm,US,12,278.14,244.05,18.9,1,0,0,4.3018,-0.2599,51.6216
txn_0000241,197,599.24,2024-01-06 00:30:00,crypto,US,2,46.85,32.97,7.58,1,1,0,6.3973,0.8507,12.7946
txn_0000242,138,37.36,2024-01-06 01:00:00,crypto,US,11,70.75,9.5,11.42,1,0,0,3.647,-0.3347,40.117
txn_0000243,143,66.1,2024-01-06 01:30:00,retail,CN,10,275.86,62.37,44.99,1,1,0,4.2062,-0.2741,42.062
txn_0000244,96,200.39,2024-01-06 02:00:00,crypto,NG,1,219.17,39.46,22.05,1,1,0,5.3052,0.0092,5.3052
txn_0000245,123,110.67,2024-01-06 02:30:00,transfer,US,8,351.35,544.79,18.53,1,0,0,4.7155,-0.18,37.724
txn_0000246,186,31.9,2024-01-06 03:00:00,crypto,US,2,1091.37,87.83,25.8,1,1,0,3.4935,-0.3462,6.987
txn_0000247,69,211.2,2024-01-06 03:30:00,retail,NG,7,200.7,47.17,19.49,1,1,0,5.3575,0.032,37.5025
txn_0000248,92,14.78,2024-01-06 04:00:00,atm,US,9,1118.41,21.66,69.17,1,0,0,2.7587,-0.3823,24.8283
txn_0000249,2,38.86,2024-01-06 04:30:00,retail,US,9,202.28,75.96,11.03,1,1,0,3.6854,-0.3315,33.1686
txn_0000250,147,17.17,2024-01-06 05:00:00,retail,CN,8,1402.33,234.33,10.06,1,1,0,2.8998,-0.3773,23.1984
txn_0000251,186,129.58,2024-01-06 05:30:00,atm,US,11,447.48,74.58,6.64,1,0,0,4.872,-0.1402,53.592
txn_0000252,163,325.19,2024-01-06 06:00:00,retail,NG,14,239.13,23.4,13.04,1,0,0,5.7875,0.2725,81.025
txn_0000253,146,76.33,2024-01-06 06:30:00,retail,CN,12,438.41,93.58,8.38,1,1,0,4.3481,-0.2525,52.1772
txn_0000254,89,61.12,2024-01-06 07:00:00,crypto,US,10,283.65,52.01,23.91,1,0,0,4.1291,-0.2846,41.291
txn_0000255,194,14.69,2024-01-06 07:30:00,crypto,US,9,462.09,85.51,20.42,1,0,0,2.753,-0.3825,24.777
txn_0000256,146,19.03,2024-01-06 08:00:00,atm,US,2,1001.97,38.29,8.47,1,0,0,2.9972,-0.3734,5.9944
txn_0000257,147,9.12,2024-01-06 08:30:00,crypto,RU,6,363.34,37.4,32.18,1,1,0,2.3145,-0.3943,13.887
txn_0000258,95,2.09,2024-01-06 09:00:00,crypto,RU,4,258.92,35.95,67.59,1,0,0,1.1282,-0.4091,4.5128
txn_0000259,198,30.37,2024-01-06 09:30:00,retail,NG,14,104.77,140.08,26.74,1,1,0,3.4459,-0.3494,48.2426
txn_0000260,51,34.91,2024-01-06 10:00:00,transfer,US,4,808.36,37.78,2.63,1,0,0,3.581,-0.3399,14.324
txn_0000261,160,1421.21,2024-01-06 10:30:00,crypto,NG,5,612.73,34.48,98.47,1,0,0,7.26,2.5847,36.3
txn_0000262,167,569.19,2024-01-06 11:00:00,transfer,CN,12,97.68,21.28,36.51,1,0,0,6.346,0.7873,76.152
txn_0000263,127,125.64,2024-01-06 11:30:00,crypto,UK,3,1099.48,85.97,96.08,1,0,0,4.8413,-0.1485,14.5239
txn_0000264,38,1244.78,2024-01-06 12:00:00,crypto,CN,14,95.79,74.57,48.07,1,0,0,7.1275,2.2125,99.785
txn_0000265,81,439.82,2024-01-06 12:30:00,atm,RU,1,1387.23,34.86,56.4,1,1,0,6.0886,0.5143,6.0886
txn_0000266,103,2.69,2024-01-06 13:00:00,atm,NG,8,920.98,26.86,23.67,1,1,0,1.3056,-0.4078,10.4448
txn_0000267,128,270.75,2024-01-06 13:30:00,atm,UK,5,667.54,356.44,16.28,1,0,0,5.6049,0.1577,28.0245
txn_0000268,10,158.73,2024-01-06 14:00:00,transfer,US,3,256.62,8.33,27.08,1,0,0,5.0735,-0.0787,15.2205
txn_0000269,184,35.37,2024-01-06 14:30:00,retail,US,10,805.08,89.4,11.39,1,1,0,3.5937,-0.3389,35.937
txn_0000270,177,6.54,2024-01-06 15:00:00,crypto,UK,14,1467.99,198.62,28.42,1,1,0,2.0202,-0.3997,28.2828
txn_0000271,150,133.37,2024-01-06 15:30:00,crypto,US,7,821.25,1.85,2.46,1,0,0,4.9006,-0.1322,34.3042
txn_0000272,158,2.41,2024-01-06 16:00:00,crypto,RU,7,180.49,120.8,20.79,1,0,0,1.2267,-0.4084,8.5869
txn_0000273,41,52.87,2024-01-06 16:30:00,transfer,CN,1,556.07,43.8,58.89,1,0,0,3.9866,-0.302,3.9866
txn_0000274,98,21.64,2024-01-06 17:00:00,atm,NG,12,1569.39,70.53,21.66,1,1,0,3.1197,-0.3679,37.4364
txn_0000275,6,8.26,2024-01-06 17:30:00,retail,US,9,5647.22,39.52,80.0,1,0,0,2.2257,-0.3961,20.0313
txn_0000276,143,324.8,2024-01-06 18:00:00,transfer,US,2,315.37,160.04,16.26,1,0,0,5.7863,0.2717,11.5726
txn_0000277,89,51.32,2024-01-06 18:30:00,atm,US,5,1129.42,78.5,44.8,1,0,0,3.9574,-0.3053,19.787
txn_0000278,111,70.88,2024-01-06 19:00:00,transfer,NG,13,1574.0,62.28,9.95,1,1,0,4.275,-0.264,55.575
txn_0000279,59,213.11,2024-01-06 19:30:00,retail,NG,14,152.19,22.22,43.36,1,0,0,5.3665,0.0361,75.131
txn_0000280,112,53.88,2024-01-06 20:00:00,atm,CN,5,3423.76,358.63,24.19,1,0,0,4.0051,-0.2999,20.0255
txn_0000281,1,107.46,2024-01-06 20:30:00,transfer,US,14,112.37,55.14,16.85,1,0,0,4.6864,-0.1868,65.6096
txn_0000282,128,185.63,2024-01-06 21:00:00,retail,CN,8,1065.06,539.05,2.56,1,0,0,5.2291,-0.0219,41.8328
txn_0000283,47,127.76,2024-01-06 21:30:00,crypto,RU,14,581.95,375.24,16.39,1,0,0,4.858,-0.144,68.012
txn_0000284,139,83.85,2024-01-06 22:00:00,retail,US,8,431.25,9.22,23.83,1,1,0,4.4409,-0.2366,35.5272
txn_0000285,196,792.09,2024-01-06 22:30:00,crypto,RU,14,8571.52,28.36,38.98,1,1,0,6.6759,1.2575,93.4626
txn_0000286,36,351.76,2024-01-06 23:00:00,transfer,US,7,281.04,19.36,70.02,1,1,0,5.8658,0.3286,41.0606
txn_0000287,159,48.01,2024-01-06 23:30:00,atm,US,7,275.66,52.03,102.31,1,1,0,3.892,-0.3122,27.244
txn_0000288,8,13.95,2024-01-07 00:00:00,atm,UK,12,1993.75,65.84,54.44,1,0,0,2.7047,-0.3841,32.4564
txn_0000289,98,142.3,2024-01-07 00:30:00,transfer,US,11,1006.43,68.71,12.81,1,1,0,4.9649,-0.1133,54.6139
txn_0000290,146,75.47,2024-01-07 01:00:00,atm,UK,6,1879.04,156.67,15.74,1,0,0,4.3369,-0.2543,26.0214
txn_0000291,47,708.74,2024-01-07 01:30:00,atm,UK,6,464.17,243.13,36.28,1,0,0,6.5649,1.0817,39.3894
txn_0000292,130,240.14,2024-01-07 02:00:00,crypto,UK,11,590.12,143.67,30.44,1,1,0,5.4854,0.0931,60.3394
txn_0000293,147,171.8,2024-01-07 02:30:00,transfer,US,9,3948.63,31.16,73.9,1,0,0,5.1521,-0.0511,46.3689
txn_0000294,151,55.67,2024-01-07 03:00:00,retail,UK,6,147.95,24.98,145.99,1,0,0,4.0372,-0.2961,24.2232
txn_0000295,53,14.68,2024-01-07 03:30:00,crypto,UK,12,356.58,54.75,123.19,1,0,0,2.7524,-0.3825,33.0288
txn_0000296,119,40.57,2024-01-07 04:00:00,transfer,UK,13,1051.43,83.61,66.36,1,0,0,3.7274,-0.3279,48.4562
txn_0000297,160,111.64,2024-01-07 04:30:00,crypto,US,13,318.93,45.46,30.64,1,0,0,4.7242,-0.178,61.4146
txn_0000298,151,4.08,2024-01-07 05:00:00,retail,US,2,203.53,14.22,59.11,1,1,0,1.6253,-0.4049,3.2506
txn_0000299,115,351.63,2024-01-07 05:30:00,retail,UK,2,847.41,107.99,75.88,1,1,0,5.8654,0.3283,11.7308
txn_0000300,74,1212.65,2024-01-07 06:00:00,transfer,US,13,2004.13,36.88,17.85,1,0,0,7.1014,2.1447,92.3182
txn_0000301,112,2.95,2024-01-07 06:30:00,retail,UK,5,340.7,35.78,13.12,1,0,0,1.3737,-0.4073,6.8685
txn_0000302,199,6.68,2024-01-07 07:00:00,crypto,NG,4,329.54,51.7,10.87,1,0,0,2.0386,-0.3994,8.1544
txn_0000303,163,77.05,2024-01-07 07:30:00,retail,UK,11,185.45,42.95,9.96,1,1,0,4.3573,-0.251,47.9303
txn_0000304,165,22.79,2024-01-07 08:00:00,crypto,UK,2,282.82,37.85,6.65,1,0,0,3.1693,-0.3654,6.3386
txn_0000305,103,80.75,2024-01-07 08:30:00,crypto,CN,3,1480.78,15.18,24.53,1,0,0,4.4037,-0.2432,13.2111
txn_0000306,83,49.03,2024-01-07 09:00:00,retail,RU,7,444.64,48.8,9.03,1,0,0,3.9126,-0.3101,27.3882
txn_0000307,111,11.75,2024-01-07 09:30:00,transfer,CN,8,153.55,110.27,10.73,1,0,0,2.5455,-0.3887,20.364
txn_0000308,98,377.14,2024-01-07 10:00:00,atm,RU,12,552.71,71.14,35.2,1,0,0,5.9353,0.3821,71.2236
txn_0000309,152,109.59,2024-01-07 10:30:00,retail,US,13,1424.3,140.91,23.23,1,1,0,4.7058,-0.1823,61.1754
txn_0000310,92,23.58,2024-01-07 11:00:00,crypto,US,6,205.56,26.35,28.32,1,0,0,3.2019,-0.3638,19.2114
txn_0000311,145,521.93,2024-01-07 11:30:00,crypto,UK,11,81.91,15.21,59.87,1,0,0,6.2594,0.6876,68.8534
txn_0000312,127,25.47,2024-01-07 12:00:00,retail,US,5,5591.43,42.7,40.11,1,0,0,3.276,-0.3598,16.38
txn_0000313,109,8.48,2024-01-07 12:30:00,transfer,US,13,77.15,29.54,67.7,1,0,0,2.2492,-0.3956,29.2396
txn_0000314,81,71.9,2024-01-07 13:00:00,transfer,US,1,262.22,32.77,21.41,1,0,0,4.2891,-0.2618,4.2891
txn_0000315,193,92.73,2024-01-07 13:30:00,crypto,UK,8,533.02,67.47,72.93,1,0,0,4.5404,-0.2179,36.3232
txn_0000316,53,121.25,2024-01-07 14:00:00,crypto,NG,3,290.93,33.01,26.78,1,0,0,4.8061,-0.1577,14.4183
txn_0000317,162,155.17,2024-01-07 14:30:00,transfer,NG,6,368.75,15.64,22.99,1,0,0,5.0509,-0.0862,30.3054
txn_0000318,188,118.41,2024-01-07 15:00:00,atm,UK,3,806.1,31.22,64.67,1,1,0,4.7826,-0.1637,14.3478
txn_0000319,168,111.41,2024-01-07 15:30:00,retail,RU,7,22.87,76.71,10.0,1,0,0,4.7222,-0.1785,33.0554
txn_0000320,160,23.09,2024-01-07 16:00:00,crypto,US,13,88.21,106.86,101.38,1,1,0,3.1818,-0.3648,41.3634
txn_0000321,67,19.67,2024-01-07 16:30:00,crypto,RU,14,425.43,105.79,16.03,1,0,0,3.0287,-0.372,42.4018
txn_0000322,32,166.26,2024-01-07 17:00:00,transfer,US,7,248.37,83.47,7.58,1,1,0,5.1195,-0.0628,35.8365
txn_0000323,141,1456.3356040881993,2024-01-07 17:30:00,retail,CN,12,471.21,46.15,33.88,1,0,1,7.2844,2.6588,87.4128
txn_0000324,20,186.86,2024-01-07 18:00:00,transfer,NG,9,530.16,81.85,14.85,1,1,0,5.2357,-0.0193,47.1213
txn_0000325,47,4.22,2024-01-07 18:30:00,retail,US,5,31.85,52.33,101.56,1,0,0,1.6525,-0.4046,8.2625
txn_0000326,147,25.76,2024-01-07 19:00:00,retail,US,8,1860.07,61.14,14.21,1,0,0,3.2869,-0.3592,26.2952
txn_0000327,127,953.87,2024-01-07 19:30:00,retail,US,10,221.87,21.34,25.83,1,1,0,6.8616,1.5988,68.616
txn_0000328,135,125.06,2024-01-07 20:00:00,crypto,US,10,142.79,57.05,6.42,1,0,0,4.8368,-0.1497,48.368
txn_0000329,134,85.06,2024-01-07 20:30:00,atm,US,8,518.03,79.73,38.49,1,0,0,4.455,-0.2341,35.64
txn_0000330,194,157.89,2024-01-07 21:00:00,transfer,UK,1,458.79,76.79,10.78,1,0,0,5.0682,-0.0804,5.0682
txn_0000331,144,1499.18,2024-01-07 21:30:00,atm,UK,12,1696.0,15.07,34.98,1,0,0,7.3133,2.7492,87.7596
txn_0000332,127,1093.43,2024-01-07 22:00:00,transfer,NG,5,559.05,60.12,14.26,1,0,0,6.998,1.8932,34.99
txn_0000333,32,5.11,2024-01-07 22:30:00,retail,CN,3,1619.27,12.89,3.91,1,0,0,1.8099,-0.4027,5.4297
txn_0000334,175,8.88,2024-01-07 23:00:00,crypto,UK,1,130.87,64.95,22.31,1,0,0,2.2905,-0.3948,2.2905
txn_0000335,186,4.85,2024-01-07 23:30:00,atm,UK,4,478.3,27.08,21.52,1,1,0,1.7664,-0.4033,7.0656
txn_0000336,114,17.8,2024-01-08 00:00:00,crypto,US,8,105.88,300.56,40.64,0,0,0,2.9339,-0.376,23.4712
txn_0000337,118,59.29,2024-01-08 00:30:00,transfer,NG,3,453.6,61.51,69.74,0,1,0,4.0992,-0.2884,12.2976
txn_0000338,21,78.49,2024-01-08 01:00:00,crypto,US,10,351.73,121.65,92.75,0,1,0,4.3756,-0.2479,43.756
txn_0000339,157,5.5,2024-01-08 01:30:00,crypto,CN,2,334.03,450.73,40.1,0,0,0,1.8718,-0.4019,3.7436
txn_0000340,37,3.32,2024-01-08 02:00:00,atm,RU,11,337.57,24.11,25.1,0,0,0,1.4633,-0.4065,16.0963
txn_0000341,108,17.34,2024-01-08 02:30:00,retail,UK,9,976.2,84.41,6.41,0,0,0,2.9091,-0.3769,26.1819
txn_0000342,50,215.78,2024-01-08 03:00:00,crypto,US,10,58.63,16.68,23.61,0,0,0,5.3789,0.0417,53.789
txn_0000343,181,280.21,2024-01-08 03:30:00,retail,RU,5,137.04,77.08,23.85,0,1,0,5.6391,0.1776,28.1955
txn_0000344,7,705.38,2024-01-08 04:00:00,transfer,NG,14,384.26,319.17,17.13,0,0,0,6.5602,1.0746,91.8428
txn_0000345,26,52.01,2024-01-08 04:30:00,crypto,US,7,98.06,29.14,33.33,0,0,0,3.9705,-0.3038,27.7935
txn_0000346,26,189.09,2024-01-08 05:00:00,atm,US,11,426.38,22.51,49.28,0,0,0,5.2475,-0.0146,57.7225
txn_0000347,20,248.35,2024-01-08 05:30:00,transfer,NG,11,379.55,49.84,10.44,0,0,0,5.5189,0.1104,60.7079
txn_0000348,29,25.91,2024-01-08 06:00:00,transfer,US,2,74.85,422.34,10.31,0,0,0,3.2925,-0.3589,6.585
txn_0000349,96,97.69,2024-01-08 06:30:00,atm,CN,9,70.54,118.04,17.97,0,0,0,4.592,-0.2074,41.328
txn_0000350,27,146.65,2024-01-08 07:00:00,crypto,US,13,17.31,22.09,12.28,0,1,0,4.9948,-0.1041,64.9324
txn_0000351,110,13.96,2024-01-08 07:30:00,crypto,US,9,93.24,233.94,5.4,0,0,0,2.7054,-0.3841,24.3486
txn_0000352,191,641.07,2024-01-08 08:00:00,transfer,RU,4,410.42,10.43,9.05,0,0,0,6.4647,0.9389,25.8588
txn_0000353,196,51.51,2024-01-08 08:30:00,crypto,US,4,486.59,462.46,7.49,0,1,0,3.961,-0.3049,15.844
txn_0000354,60,62.21,2024-01-08 09:00:00,retail,UK,6,514.03,128.57,52.81,0,0,0,4.1465,-0.2823,24.879
txn_0000355,47,13.18,2024-01-08 09:30:00,atm,US,10,158.62,318.48,78.43,0,1,0,2.6518,-0.3857,26.518
txn_0000356,146,16.96,2024-01-08 10:00:00,retail,US,10,394.66,10.51,8.36,0,1,0,2.8881,-0.3777,28.881
txn_0000357,3,2.02,2024-01-08 10:30:00,crypto,UK,10,649.82,64.68,31.09,0,0,0,1.1053,-0.4093,11.053
txn_0000358,34,59.31,2024-01-08 11:00:00,transfer,UK,6,88.09,47.76,40.4,0,1,0,4.0995,-0.2884,24.597
txn_0000359,191,2341.47,2024-01-08 11:30:00,atm,UK,12,467.78,19.95,6.09,0,0,0,7.759,4.5261,93.108
txn_0000360,48,11.85,2024-01-08 12:00:00,crypto,NG,1,886.94,14.94,22.85,0,1,0,2.5533,-0.3885,2.5533
txn_0000361,16,4742.38,2024-01-08 12:30:00,crypto,UK,14,223.87,90.66,152.45,0,0,0,8.4645,9.5911,118.503
txn_0000362,171,455.49,2024-01-08 13:00:00,transfer,US,14,1443.29,99.26,34.53,0,0,0,6.1236,0.5474,85.7304
txn_0000363,157,26.83,2024-01-08 13:30:00,transfer,US,9,230.23,200.33,16.51,0,1,0,3.3261,-0.3569,29.9349
txn_0000364,45,56.88,2024-01-08 14:00:00,retail,CN,2,143.73,33.0,12.83,0,1,0,4.0584,-0.2935,8.1168
txn_0000365,116,44.58,2024-01-08 14:30:00,atm,NG,5,786.99,47.39,3.98,0,1,0,3.8195,-0.3195,19.0975
txn_0000366,5,705.74,2024-01-08 15:00:00,atm,UK,9,4628.34,13.7,29.26,0,0,0,6.5607,1.0753,59.0463
txn_0000367,98,118.57,2024-01-08 15:30:00,transfer,US,4,446.94,254.88,95.42,0,1,0,4.7839,-0.1634,19.1356
txn_0000368,123,321.49,2024-01-08 16:00:00,retail,US,11,864.27,58.53,10.48,0,0,0,5.7761,0.2647,63.5371
txn_0000369,36,93.43,2024-01-08 16:30:00,atm,NG,3,219.1,112.46,4.27,0,1,0,4.5479,-0.2164,13.6437
txn_0000370,23,46.16,2024-01-08 17:00:00,transfer,RU,7,90.93,116.5,11.81,0,0,0,3.8535,-0.3161,26.9745
txn_0000371,92,89.09,2024-01-08 17:30:00,crypto,NG,6,492.51,234.89,40.66,0,0,0,4.5008,-0.2256,27.0048
txn_0000372,45,29.65,2024-01-08 18:00:00,atm,RU,8,595.43,23.77,14.26,0,0,0,3.4226,-0.351,27.3808
txn_0000373,180,6.18,2024-01-08 18:30:00,retail,NG,3,262.57,109.68,10.42,0,0,0,1.9713,-0.4005,5.9139
txn_0000374,94,185.03,2024-01-08 19:00:00,retail,US,5,860.29,53.25,20.4,0,1,0,5.2259,-0.0232,26.1295
txn_0000375,98,5.74,2024-01-08 19:30:00,retail,US,10,184.03,448.4,24.14,0,0,0,1.9081,-0.4014,19.081
txn_0000376,187,36.48,2024-01-08 20:00:00,crypto,US,4,136.66,23.7,6.61,0,0,0,3.6238,-0.3366,14.4952
txn_0000377,115,28.22,2024-01-08 20:30:00,atm,US,13,1440.54,176.17,16.88,0,0,0,3.3749,-0.354,43.8737
txn_0000378,190,143.31,2024-01-08 21:00:00,atm,RU,4,1448.69,77.5,13.49,0,1,0,4.972,-0.1112,19.888
txn_0000379,159,570.81,2024-01-08 21:30:00,crypto,US,4,188.44,73.54,12.03,0,0,0,6.3488,0.7907,25.3952
txn_0000380,160,332.77,2024-01-08 22:00:00,atm,UK,10,3173.6,57.63,8.9,0,0,0,5.8105,0.2885,58.105
txn_0000381,66,149.7,2024-01-08 22:30:00,crypto,US,8,285.85,209.91,42.65,0,0,0,5.0153,-0.0977,40.1224
txn_0000382,127,21.23,2024-01-08 23:00:00,crypto,US,6,446.63,71.08,12.0,0,0,0,3.1014,-0.3687,18.6084
txn_0000383,17,41.46,2024-01-08 23:30:00,crypto,US,3,364.46,11.89,4.07,0,0,0,3.7486,-0.3261,11.2458
txn_0000384,24,33.32,2024-01-09 00:00:00,retail,US,10,756.36,184.84,24.81,0,0,0,3.5357,-0.3432,35.357
txn_0000385,53,26.97,2024-01-09 00:30:00,atm,UK,5,558.75,153.88,35.88,0,0,0,3.3311,-0.3566,16.6555
txn_0000386,57,29.85,2024-01-09 01:00:00,crypto,US,6,549.8,98.21,10.62,0,1,0,3.4291,-0.3505,20.5746
txn_0000387,66,28.68,2024-01-09 01:30:00,atm,UK,5,118.69,17.66,12.84,0,1,0,3.3905,-0.353,16.9525
txn_0000388,103,26.84,2024-01-09 02:00:00,retail,US,6,53.18,20.63,11.95,0,0,0,3.3265,-0.3569,19.959
txn_0000389,173,227.65,2024-01-09 02:30:00,crypto,US,8,1588.57,8.35,15.22,0,1,0,5.4322,0.0667,43.4576
txn_0000390,23,11.22,2024-01-09 03:00:00,transfer,US,7,209.66,86.52,48.69,0,0,0,2.5031,-0.3898,17.5217
txn_0000391,113,18.28,2024-01-09 03:30:00,retail,UK,5,380.38,14.16,18.33,0,0,0,2.9591,-0.375,14.7955
txn_0000392,31,5.08,2024-01-09 04:00:00,transfer,NG,10,597.14,9.79,39.32,0,0,0,1.805,-0.4028,18.05
txn_0000393,174,456.33,2024-01-09 04:30:00,atm,US,6,2849.25,195.39,9.25,0,0,0,6.1254,0.5492,36.7524
txn_0000394,85,16.53,2024-01-09 05:00:00,atm,US,14,489.62,117.7,14.78,0,0,0,2.8639,-0.3786,40.0946
txn_0000395,150,147.11,2024-01-09 05:30:00,retail,NG,4,251.2,39.13,43.09,0,0,0,4.998,-0.1032,19.992
txn_0000396,193,111.38,2024-01-09 06:00:00,atm,US,12,215.24,47.75,10.54,0,0,0,4.7219,-0.1785,56.6628
txn_0000397,126,394.75,2024-01-09 06:30:00,transfer,US,9,385.74,4.92,45.14,0,0,0,5.9808,0.4193,53.8272
txn_0000398,154,39.84,2024-01-09 07:00:00,crypto,RU,13,135.47,136.56,12.15,0,0,0,3.7097,-0.3295,48.2261
txn_0000399,129,13.18,2024-01-09 07:30:00,crypto,UK,4,417.65,27.31,15.53,0,0,0,2.6518,-0.3857,10.6072
txn_0000400,16,5.29,2024-01-09 08:00:00,crypto,US,1,379.02,75.97,76.41,0,0,0,1.839,-0.4024,1.839
txn_0000401,103,0.84,2024-01-09 08:30:00,retail,CN,7,2892.37,4.53,14.17,0,0,0,0.6098,-0.4117,4.2686
txn_0000402,160,69.55,2024-01-09 09:00:00,atm,NG,7,364.92,145.12,22.56,0,0,0,4.2563,-0.2668,29.7941
txn_0000403,136,174.72,2024-01-09 09:30:00,transfer,US,4,40.07,25.72,32.89,0,0,0,5.1689,-0.0449,20.6756
txn_0000404,42,110.78,2024-01-09 10:00:00,atm,UK,13,9978.75,13.79,24.08,0,1,0,4.7165,-0.1798,61.3145
txn_0000405,175,5.5,2024-01-09 10:30:00,atm,UK,14,1271.82,38.88,24.63,0,0,0,1.8718,-0.4019,26.2052
txn_0000406,38,259.37,2024-01-09 11:00:00,atm,US,3,4908.97,30.07,19.2,0,0,0,5.5621,0.1337,16.6863
txn_0000407,169,19.16,2024-01-09 11:30:00,crypto,US,8,100.61,159.86,7.09,0,0,0,3.0037,-0.3731,24.0296
txn_0000408,25,14.01,2024-01-09 12:00:00,transfer,US,5,309.14,35.86,26.54,0,0,0,2.7087,-0.384,13.5435
txn_0000409,98,18.52,2024-01-09 12:30:00,transfer,UK,10,906.22,213.28,11.18,0,0,0,2.9714,-0.3744,29.714
txn_0000410,49,61.41,2024-01-09 13:00:00,atm,US,7,767.91,75.96,37.36,0,0,0,4.1337,-0.284,28.9359
txn_0000411,152,5.89,2024-01-09 13:30:00,crypto,RU,4,583.08,133.54,60.2,0,0,0,1.9301,-0.4011,7.7204
txn_0000412,151,51.65,2024-01-09 14:00:00,crypto,NG,4,28.8,54.48,4.74,0,0,0,3.9637,-0.3046,15.8548
txn_0000413,12,103.98,2024-01-09 14:30:00,transfer,US,8,51.68,194.82,60.28,0,0,0,4.6538,-0.1942,37.2304
txn_0000414,59,287.43,2024-01-09 15:00:00,crypto,UK,14,2492.46,17.23,14.46,0,0,0,5.6645,0.1929,79.303
txn_0000415,134,71.09,2024-01-09 15:30:00,crypto,US,8,3085.27,61.17,18.09,0,0,0,4.2779,-0.2635,34.2232
txn_0000416,56,7.32,2024-01-09 16:00:00,crypto,UK,2,354.96,36.73,9.68,0,0,0,2.1187,-0.3981,4.2374
txn_0000417,35,68.26,2024-01-09 16:30:00,retail,NG,14,2139.9,220.66,23.35,0,0,0,4.2379,-0.2695,59.3306
txn_0000418,172,11.13,2024-01-09 17:00:00,atm,US,2,118.17,244.46,21.19,0,0,0,2.4957,-0.39,4.9914
txn_0000419,19,10.21,2024-01-09 17:30:00,transfer,US,3,155.51,54.62,47.54,0,0,0,2.4168,-0.392,7.2504
txn_0000420,64,7.07,2024-01-09 18:00:00,transfer,US,12,107.48,15.01,11.1,0,0,0,2.0882,-0.3986,25.0584
txn_0000421,7,3.11,2024-01-09 18:30:00,retail,US,12,145.49,83.69,75.84,0,0,0,1.4134,-0.407,16.9608
txn_0000422,143,23.32,2024-01-09 19:00:00,atm,US,3,960.29,10.33,34.18,0,0,0,3.1913,-0.3643,9.5739
txn_0000423,141,296.88,2024-01-09 19:30:00,transfer,US,1,143.33,277.59,21.6,0,1,0,5.6967,0.2128,5.6967
txn_0000424,114,1611.19,2024-01-09 20:00:00,crypto,CN,14,5929.48,34.02,17.38,0,0,0,7.3853,2.9855,103.3942
txn_0000425,142,23.1,2024-01-09 20:30:00,transfer,US,3,700.7,52.95,15.72,0,1,0,3.1822,-0.3648,9.5466
txn_0000426,91,278.43,2024-01-09 21:00:00,crypto,US,6,1482.42,27.63,16.56,0,0,0,5.6328,0.1739,33.7968
txn_0000427,97,30.21,2024-01-09 21:30:00,retail,UK,8,726.27,22.16,22.98,0,0,0,3.4407,-0.3498,27.5256
txn_0000428,65,4.59,2024-01-09 22:00:00,crypto,US,13,1732.16,114.12,16.99,0,0,0,1.721,-0.4038,22.373
txn_0000429,31,156.24,2024-01-09 22:30:00,transfer,CN,12,142.37,46.59,12.03,0,0,0,5.0578,-0.0839,60.6936
txn_0000430,190,77.65,2024-01-09 23:00:00,transfer,UK,14,2290.03,56.97,23.09,0,0,0,4.365,-0.2497,61.11
txn_0000431,85,834.66,2024-01-09 23:30:00,transfer,NG,10,477.77,20.01,10.29,0,0,0,6.7282,1.3473,67.282
txn_0000432,50,5.46,2024-01-10 00:00:00,retail,US,6,1721.79,128.52,26.0,0,0,0,1.8656,-0.402,11.1936
txn_0000433,152,3619.35,2024-01-10 00:30:00,retail,US,5,71.7,142.28,16.8,0,0,0,8.1943,7.2219,40.9715
txn_0000434,185,594.41,2024-01-10 01:00:00,atm,US,4,501.05,44.3,35.07,0,1,0,6.3893,0.8405,25.5572
txn_0000435,62,53.15,2024-01-10 01:30:00,transfer,RU,3,480.24,194.01,44.31,0,1,0,3.9918,-0.3014,11.9754
txn_0000436,189,34.88,2024-01-10 02:00:00,crypto,US,13,191.89,49.2,44.3,0,0,0,3.5802,-0.3399,46.5426
txn_0000437,124,18.66,2024-01-10 02:30:00,retail,US,4,587.42,119.08,25.91,0,0,0,2.9786,-0.3742,11.9144
txn_0000438,149,64.37,2024-01-10 03:00:00,transfer,CN,14,2559.4,10.77,28.44,0,0,0,4.1801,-0.2777,58.5214
txn_0000439,57,41.43,2024-01-10 03:30:00,transfer,US,7,174.97,77.74,15.51,0,0,0,3.7479,-0.3261,26.2353
txn_0000440,57,118.0,2024-01-10 04:00:00,retail,US,1,1279.5,41.62,34.54,0,0,0,4.7791,-0.1646,4.7791
txn_0000441,85,35.11,2024-01-10 04:30:00,atm,US,7,104.28,63.79,37.8,0,1,0,3.5866,-0.3394,25.1062
txn_0000442,48,455.98,2024-01-10 05:00:00,retail,CN,1,5071.2,60.99,5.73,0,0,0,6.1246,0.5484,6.1246
txn_0000443,179,65.86,2024-01-10 05:30:00,retail,US,2,1034.34,61.91,27.19,0,0,0,4.2026,-0.2746,8.4052
txn_0000444,169,37.14,2024-01-10 06:00:00,crypto,NG,4,3197.55,101.06,60.01,0,0,0,3.6413,-0.3352,14.5652
txn_0000445,69,253.77,2024-01-10 06:30:00,crypto,NG,1,903.68,31.03,15.1,0,1,0,5.5404,0.1218,5.5404
txn_0000446,14,80.44474608783365,2024-01-10 07:00:00,atm,US,11,644.67,96.46,12.68,0,0,1,4.3999,-0.2438,48.3989
txn_0000447,53,91.06,2024-01-10 07:30:00,transfer,NG,12,1044.74,187.27,14.36,0,0,0,4.5224,-0.2214,54.2688
txn_0000448,187,56.73,2024-01-10 08:00:00,retail,US,11,342.5,13.33,6.03,0,1,0,4.0558,-0.2938,44.6138
txn_0000449,100,6.58,2024-01-10 08:30:00,atm,US,11,57.89,25.01,22.22,0,0,0,2.0255,-0.3996,22.2805
txn_0000450,7,4.21,2024-01-10 09:00:00,crypto,NG,9,690.13,26.09,20.57,0,1,0,1.6506,-0.4046,14.8554
txn_0000451,52,248.52,2024-01-10 09:30:00,retail,RU,12,162.94,18.32,23.51,0,0,0,5.5195,0.1108,66.234
txn_0000452,59,231.41,2024-01-10 10:00:00,transfer,UK,6,107.56,33.96,28.02,0,1,0,5.4485,0.0747,32.691
txn_0000453,107,70.73,2024-01-10 10:30:00,crypto,UK,13,865.71,153.41,10.61,0,0,0,4.2729,-0.2643,55.5477
txn_0000454,4,716.94,2024-01-10 11:00:00,crypto,US,1,288.61,232.2,24.99,0,0,0,6.5764,1.099,6.5764
txn_0000455,102,105.79,2024-01-10 11:30:00,crypto,US,1,1384.71,60.71,28.63,0,1,0,4.6709,-0.1903,4.6709
txn_0000456,195,355.92,2024-01-10 12:00:00,atm,US,6,156.53,39.48,13.59,0,0,0,5.8775,0.3373,35.265
txn_0000457,5,102.56,2024-01-10 12:30:00,transfer,US,4,229.29,121.87,28.11,0,0,0,4.6402,-0.1972,18.5608
txn_0000458,108,36.1,2024-01-10 13:00:00,retail,US,4,1604.16,5.13,21.43,0,0,0,3.6136,-0.3374,14.4544
txn_0000459,115,11.18,2024-01-10 13:30:00,atm,US,11,564.43,19.01,12.12,0,0,0,2.4998,-0.3899,27.4978
txn_0000460,93,22.08,2024-01-10 14:00:00,atm,US,6,68.53,5.36,25.18,0,0,0,3.139,-0.3669,18.834
txn_0000461,46,37.13,2024-01-10 14:30:00,atm,US,14,549.67,18.81,15.92,0,0,0,3.641,-0.3352,50.974
txn_0000462,98,421.88,2024-01-10 15:00:00,crypto,UK,12,2386.27,25.36,35.08,0,0,0,6.0471,0.4765,72.5652
txn_0000463,54,173.27,2024-01-10 15:30:00,transfer,RU,11,227.17,239.29,16.59,0,0,0,5.1606,-0.048,56.7666
txn_0000464,167,89.61,2024-01-10 16:00:00,atm,US,7,826.89,3.45,7.16,0,0,0,4.5066,-0.2245,31.5462
txn_0000465,51,201.34,2024-01-10 16:30:00,retail,CN,9,145.58,35.99,24.87,0,0,0,5.3099,0.0112,47.7891
txn_0000466,143,120.43,2024-01-10 17:00:00,transfer,RU,10,342.36,101.45,24.13,0,1,0,4.7993,-0.1595,47.993
txn_0000467,12,80.88,2024-01-10 17:30:00,retail,US,5,1491.9,82.33,8.46,0,1,0,4.4053,-0.2429,22.0265
txn_0000468,113,5.77,2024-01-10 18:00:00,transfer,NG,9,524.83,235.51,36.61,0,1,0,1.9125,-0.4013,17.2125
txn_0000469,123,301.49,2024-01-10 18:30:00,retail,UK,4,1895.28,64.14,35.11,0,0,0,5.712,0.2225,22.848
txn_0000470,105,27.45,2024-01-10 19:00:00,crypto,UK,13,672.07,79.38,10.01,0,0,0,3.3481,-0.3556,43.5253
txn_0000471,157,279.45,2024-01-10 19:30:00,atm,US,10,5781.9,8.68,11.85,0,0,0,5.6364,0.176,56.364
txn_0000472,146,323.05,2024-01-10 20:00:00,retail,UK,2,61.69,20.32,17.93,0,0,0,5.7809,0.268,11.5618
txn_0000473,144,19.98,2024-01-10 20:30:00,transfer,US,3,310.87,9.18,10.95,0,0,0,3.0436,-0.3714,9.1308
txn_0000474,119,226.91,2024-01-10 21:00:00,atm,UK,13,109.79,96.8,33.53,0,0,0,5.429,0.0652,70.577
txn_0000475,62,31.77,2024-01-10 21:30:00,atm,UK,11,119.16,77.38,22.63,0,0,0,3.4895,-0.3465,38.3845
txn_0000476,18,32.05,2024-01-10 22:00:00,transfer,NG,1,120.47,74.7,8.37,0,1,0,3.498,-0.3459,3.498
txn_0000477,91,80.34,2024-01-10 22:30:00,retail,UK,14,493.38,22.61,10.4,0,0,0,4.3986,-0.244,61.5804
txn_0000478,57,83.66,2024-01-10 23:00:00,crypto,NG,14,529.3,20.64,51.94,0,0,0,4.4386,-0.237,62.1404
txn_0000479,182,57.85,2024-01-10 23:30:00,crypto,US,6,673.81,67.32,68.61,0,0,0,4.075,-0.2915,24.45
txn_0000480,89,7.38,2024-01-11 00:00:00,retail,US,13,104.83,27.96,30.91,0,0,0,2.1258,-0.3979,27.6354
txn_0000481,116,45.51,2024-01-11 00:30:00,atm,RU,6,273.4,19.68,16.96,0,1,0,3.8397,-0.3175,23.0382
txn_0000482,61,1665.23,2024-01-11 01:00:00,atm,US,1,126.83,32.84,14.13,0,0,0,7.4183,3.0995,7.4183
txn_0000483,22,0.84,2024-01-11 01:30:00,atm,US,11,1240.24,28.2,31.18,0,0,0,0.6098,-0.4117,6.7078
txn_0000484,126,201.26,2024-01-11 02:00:00,atm,US,13,141.98,22.95,21.34,0,0,0,5.3096,0.0111,69.0248
txn_0000485,136,266.58,2024-01-11 02:30:00,retail,US,3,312.17,16.03,5.54,0,0,0,5.5894,0.1489,16.7682
txn_0000486,139,7.12,2024-01-11 03:00:00,atm,CN,5,790.26,85.51,45.86,0,0,0,2.0943,-0.3985,10.4715
txn_0000487,128,27.0,2024-01-11 03:30:00,transfer,UK,3,192.72,258.8,58.95,0,1,0,3.3322,-0.3566,9.9966
txn_0000488,57,12.17,2024-01-11 04:00:00,atm,CN,10,927.65,52.51,36.23,0,1,0,2.5779,-0.3878,25.779
txn_0000489,121,880.9,2024-01-11 04:30:00,crypto,UK,3,2738.86,68.2,8.39,0,1,0,6.7821,1.4448,20.3463
txn_0000490,0,285.58,2024-01-11 05:00:00,atm,US,14,506.57,93.35,12.07,0,0,0,5.658,0.1889,79.212
txn_0000491,33,307.09,2024-01-11 05:30:00,retail,US,10,1190.27,78.77,4.54,0,1,0,5.7304,0.2343,57.304
txn_0000492,95,65.43,2024-01-11 06:00:00,crypto,UK,3,33.51,23.41,72.01,0,0,0,4.1961,-0.2755,12.5883
txn_0000493,125,390.78,2024-01-11 06:30:00,retail,US,5,241.08,304.86,15.1,0,0,0,5.9707,0.4109,29.8535
txn_0000494,117,53.93,2024-01-11 07:00:00,retail,RU,13,503.65,25.6,129.88,0,0,0,4.0061,-0.2997,52.0793
txn_0000495,47,419.36,2024-01-11 07:30:00,crypto,RU,5,114.03,104.39,95.98,0,0,0,6.0411,0.4712,30.2055
txn_0000496,88,43.68,2024-01-11 08:00:00,retail,US,4,517.59,92.78,9.75,0,0,0,3.7995,-0.3214,15.198
txn_0000497,116,19.71,2024-01-11 08:30:00,retail,CN,1,1439.32,7.7,11.4,0,0,0,3.0306,-0.3719,3.0306
txn_0000498,128,825.86,2024-01-11 09:00:00,atm,RU,5,42.29,38.14,29.16,0,0,0,6.7176,1.3287,33.588
txn_0000499,15,52.92,2024-01-11 09:30:00,transfer,NG,10,96.85,57.78,4.94,0,0,0,3.9875,-0.3019,39.875
